true\pred,step_001,step_002,step_003,step_004,step_005,step_006,step_007,step_008,step_009,step_010,step_011,step_012,step_013
step_001,89,10,4,2,0,0,0,0,0,0,0,0,0
step_002,51,16,13,0,0,0,0,0,0,0,0,0,0
step_003,28,17,38,1,0,0,0,0,0,0,0,0,0
step_004,42,14,70,93,51,2,0,0,0,1,0,0,0
step_005,1,1,1,4,288,31,0,0,0,3,0,0,0
step_006,0,0,1,6,43,86,1,3,0,1,0,0,0
step_007,0,0,0,0,11,42,5,17,1,1,0,0,0
step_008,0,0,0,0,18,27,6,32,4,2,2,0,0
step_009,0,0,0,0,10,20,2,29,29,40,0,0,0
step_010,0,0,0,0,0,2,2,1,16,142,2,0,0
step_011,0,3,0,0,2,2,1,4,4,101,79,3,1
step_012,0,2,0,0,1,1,0,2,0,8,25,14,10
step_013,2,5,0,0,2,2,0,0,0,8,34,35,94
